{
  "N": 11.857586826629245,
  "T": 10.491588868443296,
  "Z": 9.021692286039853,
  "D": 8.648721669923335,
  "R": 8.15502324787214,
  "L": 7.883443673506739,
  "SH N": 6.0924073676742845,
  "K": 5.992852367024363,
  "N D": 4.851300159091227,
  "M": 3.960423659741749,
  "NG": 3.9479172967948757,
  "S T": 3.7919734323157184,
  "S": 3.3541779100811264,
  "P": 3.1295627850791186,
  "R D": 3.0658912503740927,
  "N T": 2.834115505537803,
  "T Z": 2.7921950732103533,
  "L D": 2.7891877512943117,
  "V": 2.494060026707542,
  "N Z": 2.472269337613112,
  "R T": 2.302267557220358,
  "L Z": 2.2979760748600713,
  "K Z": 2.021056846128656,
  "M Z": 1.974504259079342,
  "T R": 1.9608715245822603,
  "R Z": 1.9117237746923588,
  "K T": 1.8467340899241493,
  "TH R": 1.739378794467777,
  "F": 1.7176061282404178,
  "SH N Z": 1.6791958172047694,
  "N S": 1.6705947107223436,
  "CH": 1.6333006007507818,
  "T NG": 1.6078147584900966,
  "D Z": 1.596214886686502,
  "S D": 1.4551130250886357,
  "TH": 1.4115399472451629,
  "K NG": 1.3930041308838998,
  "R Y": 1.38605729408403,
  "K SH N": 1.3460586640997483,
  "N D Z": 1.3034970336930325,
  "R N": 1.2625194663843193,
  "N NG": 1.222221226139476,
  "K S": 1.185101992706641,
  "D NG": 1.1631886228432116,
  "N T Z": 1.1508195866010082,
  "L Y": 1.1211616525848114,
  "P Z": 1.0991262391905325,
  "NG K": 1.094744174280859,
  "D Y": 1.0921920689794853,
  "L F": 1.0831059264084757,
  "T D": 1.0793170835146497,
  "B L": 1.0791325645012058,
  "L NG": 1.0620229039637543,
  "B": 1.0382502262793734,
  "JH": 1.016152101680753,
  "G": 1.0155739232171865,
  "N AH": 0.9770152844247418,
  "R K": 0.9560930503161379,
  "L T": 0.9505771630136323,
  "SH": 0.9453025358204211,
  "V R": 0.9341016124725238,
  "R Y Z": 0.9332312396389149,
  "R S": 0.9252698017943197,
  "V D": 0.9213235064096456,
  "L T Y": 0.9207317293500435,
  "R L Y": 0.9004879232548889,
  "T Y": 0.8932339851782289,
  "R M": 0.8878149617303962,
  "Z NG": 0.8720323061273122,
  "V NG": 0.869867815445472,
  "K D": 0.8430664601094047,
  "M B R": 0.8381958022635412,
  "R T Y": 0.8343866960146687,
  "M N": 0.8317124221068284,
  "N D NG": 0.8018095027939628,
  "Z D": 0.7937577311727377,
  "SH L": 0.7912388599979535,
  "Z N": 0.7717211228564632,
  "V L": 0.7598747090127137,
  "R NG": 0.7333387008418599,
  "ZH N": 0.7044544503502052,
  "R CH": 0.6960394336618403,
  "T L": 0.6917621385353008,
  "R JH": 0.6650034351884814,
  "R T Z": 0.6634570434973351,
  "R TH": 0.6622011152154603,
  "V Z": 0.6619655271532807,
  "L R": 0.6367679046874792,
  "M NG": 0.6221074944300643,
  "S K": 0.621078343614554,
  "SH N L": 0.6189420303800078,
  "N Y": 0.6149355680521065,
  "N R": 0.6121143386416805,
  "R D Z": 0.6070388180947431,
  "K T D": 0.5988707169709492,
  "N T D": 0.5903501268135608,
  "S NG": 0.5902777625907328,
  "B Y": 0.5872860839727696,
  "S T Z": 0.5774095337693447,
  "N T R": 0.5739371620005712,
  "N T Y": 0.5495750944862097,
  "R L": 0.544912922478588,
  "S Z": 0.544517414863881,
  "P R": 0.5439135023421272,
  "NG K Z": 0.5433459483907364,
  "K L": 0.5292504927459606,
  "K T R": 0.5210890427555017,
  "CH R": 0.5165025017628098,
  "T N": 0.5132801223969079,
  "R T D": 0.5092470319818441,
  "L Y N": 0.506359152400899,
  "P N": 0.504212847883158,
  "R D R": 0.4996432782883661,
  "R N NG": 0.49810595338047897,
  "T L Y": 0.4963321872202324,
  "M N T": 0.4919975954075874,
  "K N": 0.47942837015517537,
  "M D": 0.47237387591875396,
  "T AH": 0.4690858144055272,
  "P D": 0.4680753386334971,
  "Z Y": 0.4613428397165638,
  "P NG": 0.45922122854756775,
  "S T R": 0.4584961961014912,
  "D Y OW": 0.4534955053616194,
  "K T V": 0.45348987147886805,
  "D D": 0.45280950027026085,
  "R Y AH": 0.4516261687615354,
  "D Y AH": 0.4512840250040447,
  "D R": 0.4481700351766288,
  "N SH N": 0.4459881815841524,
  "N CH": 0.4342061415606447,
  "P T": 0.42995229867913004,
  "S T D": 0.4237878347094085,
  "N T R Y": 0.42314447332880156,
  "R Y D": 0.4185904974464842,
  "G OW": 0.41544270084949053,
  "T R Z": 0.4089326503669361,
  "G Z": 0.4046861355717371,
  "L OW": 0.40413439373997867,
  "V N": 0.4017956132743355,
  "D L": 0.3995011841426738,
  "TH R Z": 0.39568187724368636,
  "K SH N Z": 0.39527346305550404,
  "N L": 0.3929562852939856,
  "T K": 0.38912852413900084,
  "M R": 0.3852245616563401,
  "N D R": 0.3813786468990949,
  "M P L": 0.3768015766767521,
  "S T NG": 0.37345588612655406,
  "P Y": 0.3691833994163858,
  "K T Z": 0.36873909079812944,
  "F T": 0.3676292928054551,
  "R K Z": 0.36612057730218317,
  "M P": 0.36056988021124114,
  "K L Y": 0.35549384145747176,
  "R M Z": 0.35471880583737453,
  "B R": 0.3499220931688133,
  "N Y N": 0.3487998819608711,
  "L M": 0.3478145070943254,
  "M B R Z": 0.3453358846607244,
  "R N T": 0.3413647753347631,
  "N JH": 0.34125572289619,
  "R N D": 0.3365924414433676,
  "Z K": 0.3351179292949927,
  "R K NG": 0.3340925793727612,
  "SH Z": 0.33221622544523205,
  "N K L UW D NG": 0.3311311214825908,
  "K R": 0.33050669618376144,
  "G L": 0.3288105545144515,
  "L S": 0.3271171432951664,
  "CH NG": 0.32672440905570976,
  "K Y": 0.32544860409671117,
  "V Y": 0.32513900548356117,
  "NG G L": 0.3240079642304463,
  "S B L": 0.31951440237217515,
  "L T Z": 0.3175714796912642,
  "L TH": 0.3146467106459419,
  "M K": 0.31298585343671553,
  "D Y Z": 0.31296752864091126,
  "K CH W L Y": 0.3120194769407553,
  "N T L": 0.31144613268105226,
  "L D NG": 0.3104814280734985,
  "L JH Y": 0.3085595857257763,
  "B Z": 0.30341677877499723,
  "NG G R": 0.3011944545997934,
  "NG K NG": 0.2984353334401295,
  "L D R N": 0.2981417374368997,
  "N T NG": 0.2980258299010894,
  "N D D": 0.29661638363947984,
  "P SH N": 0.2956821132639805,
  "V R Y W N": 0.2951209226666384,
  "N AY T D": 0.2951209226666384,
  "NG Z": 0.29411575562513936,
  "L W NG": 0.29390176283726493,
  "N S R": 0.2938629835443118,
  "M AH": 0.2926585848080905,
  "CH D": 0.29045562439435885,
  "P L": 0.29009453328824086,
  "S T K": 0.2882414181255388,
  "R OW": 0.28567557126260557,
  "K T NG": 0.28533691784077975,
  "R T NG": 0.283988482389379,
  "R T N T": 0.2806160953480285,
  "S V": 0.2769312626845727,
  "R AH": 0.2760963489154976,
  "M P AO R T N T": 0.2754228703338169,
  "N SH L": 0.2748899859906404,
  "R M D": 0.27081729872124577,
  "L N": 0.26969638993287853,
  "R D NG": 0.26966092382179574,
  "N F AO R M EY SH N": 0.2688843269122987,
  "R M EY SH N": 0.2688843269122987,
  "S CH N": 0.26658821279960104,
  "D R Z": 0.2651702088920843,
  "K CH R": 0.2649251795279823,
  "R S T Y": 0.2641006453898952,
  "K EY": 0.26320999223065855,
  "F T N": 0.261853037726826,
  "JH N": 0.26085363756516783,
  "K T L Y": 0.26034238608556026,
  "S N": 0.2580279125672264,
  "N L Y": 0.257298293371099,
  "R N Z": 0.25470069746771407,
  "F S": 0.2537113673458575,
  "B L M": 0.2512423463305953,
  "K S Z": 0.24920412843133255,
  "T M N T": 0.24837863642629218,
  "L M S T": 0.24561529100160037,
  "N V AH R S T Y": 0.24547089156850285,
  "R M R": 0.24185078506588883,
  "JH R": 0.24134464573409212,
  "N S D": 0.24103378159372688,
  "L AO NG": 0.239883291901949,
  "R TH R": 0.2394965108788427,
  "M Y": 0.23588296453160978,
  "P N D": 0.2358727323630358,
  "R Y L": 0.23534721294493188,
  "L AH": 0.23510263671352424,
  "N D R S T AE N D": 0.23442288153199228,
  "B B L Y": 0.2343834431104361,
  "G S T": 0.23341351608469885,
  "R N S": 0.232843304278643,
  "F K": 0.23275875272246352,
  "R M N": 0.23253837857227544,
  "N D AH": 0.23206805666330682,
  "N D Y": 0.23142590365000215,
  "T OW": 0.23134891852349593,
  "G R M": 0.2310097786655989,
  "N D N": 0.22912862236861692,
  "N K": 0.2290406210359542,
  "N T R N AE SH N L": 0.22885767851150068,
  "R L Z": 0.2272155544078508,
  "S R": 0.2255662540132471,
  "N TH Z": 0.22487414937151776,
  "N TH": 0.22478132302776474,
  "Z Z": 0.2210482857414695,
  "T F L": 0.2210125247297504,
  "R T M N T": 0.22085556460674963,
  "S K D": 0.21972075128213728,
  "L JH": 0.21004585991315705,
  "R T N": 0.20829444952956996,