{
  "T": 50.10526976701731,
  "R": 45.90913216747076,
  "Z": 39.89410629942184,
  "N": 39.39276844825669,
  "V": 34.261829864168504,
  "N D": 32.67621292046258,
  "D": 20.50878219260569,
  "L": 18.770859297169814,
  "M": 18.478127618968173,
  "K": 12.702486835461249,
  "S T": 9.373989288795183,
  "NG": 7.277829721132666,
  "P": 6.784430348573367,
  "SH N": 6.092407367674291,
  "CH": 5.810172706007046,
  "S": 5.3814470780631245,
  "N T": 4.277330552133518,
  "V R": 3.786474149189476,
  "L D": 3.740574221478943,
  "TH R": 3.7343594390713304,
  "F": 3.694679342750684,
  "R T": 3.2679051980648146,
  "R D": 3.065891250374091,
  "N Y": 3.0391794713959017,
  "R Z": 2.8228226032089148,
  "T Z": 2.793575457474955,
  "T R": 2.536311461919418,
  "B AW T": 2.5118864315095824,
  "N Z": 2.472269337613102,
  "R Y": 2.386057294084031,
  "M Z": 2.3375823138494423,
  "L Z": 2.2979760748600695,
  "NG K": 2.297008608898272,
  "N S": 2.232936035912694,
  "K NG": 2.111276210433605,
  "P L": 2.068373943327163,
  "L Y": 2.054415953381803,
  "TH": 2.0304947683879258,
  "K Z": 2.0210568461286567,
  "T NG": 1.9793499875872695,
  "R K": 1.8681038896720474,
  "K T": 1.8467340899241496,
  "SH N Z": 1.6791958172047723,
  "D Z": 1.5962148866865025,
  "N L Y": 1.575555031927506,
  "L S OW": 1.5498354933412555,
  "G": 1.4833090645043823,
  "S D": 1.455113025088637,
  "D Y": 1.4470054582130598,
  "R S T": 1.4429626565919575,
  "Z D": 1.4247150756529314,
  "V N": 1.3790328342301459,
  "K SH N": 1.3460586640997483,
  "F T R": 1.3178932883090417,
  "N D Z": 1.3034970336930325,
  "T Y": 1.30061426298234,
  "R N": 1.2625194663843209,
  "V NG": 1.2589129604397526,
  "M B R": 1.2550651857338766,
  "T L": 1.25410346372565,
  "N NG": 1.2222212261394763,
  "M N": 1.2032476512040013,
  "K S": 1.185603179940269,
  "D NG": 1.1631886228432118,
  "N T Z": 1.1508195866010085,
  "P Z": 1.0991262391905325,
  "L F": 1.083105926408475,
  "T D": 1.0793170835146502,
  "B L": 1.0791325645012069,
  "L NG": 1.0620229039637523,
  "B": 1.0382502262793745,
  "JH": 1.0161521016807524,
  "N AH": 0.9770152844247415,
  "L T": 0.9505771630136319,
  "S T R": 0.9482750154699381,
  "SH": 0.9453025358204212,
  "R Y Z": 0.9332312396389149,
  "R S": 0.9252698017943196,
  "V D": 0.9213235064096462,
  "L T Y": 0.9207317293500441,
  "N D R": 0.9184104432693478,
  "R L Y": 0.900487923254889,
  "R M": 0.8878149617303962,
  "Z NG": 0.8720323061273125,
  "NG Z": 0.8436566294827641,
  "K D": 0.8430664601094046,
  "R T Y": 0.8343866960146689,
  "R L D": 0.8143671576854136,
  "N D NG": 0.8018095027939622,
  "SH L": 0.7912388599979537,
  "F T": 0.7844986762757911,
  "Z N": 0.7717211228564633,
  "V L": 0.7598747090127137,
  "R NG": 0.7338635083021112,
  "ZH N": 0.7044544503502052,
  "R CH": 0.6960394336618402,
  "N JH": 0.6879925733487215,
  "R JH": 0.665003435188481,
  "R T Z": 0.6634570434973357,
  "R TH": 0.66220111521546,
  "V Z": 0.6619655271532809,
  "L P": 0.6471436392728226,
  "M TH NG": 0.6457217697238966,
  "L R": 0.6367679046874802,
  "M NG": 0.6221074944300642,
  "S K": 0.6210783436145538,
  "SH N L": 0.6189420303800077,
  "K S T": 0.6141220361791604,
  "N R": 0.6121143386416817,
  "R D Z": 0.6070388180947432,
  "K T D": 0.5988707169709494,
  "N S T": 0.5976693509256049,
  "N T D": 0.5903501268135609,
  "S NG": 0.5902777625907332,
  "R AW N D": 0.5882548117002327,
  "B Y": 0.5872860839727698,
  "L W Z": 0.5833569556990277,
  "S T Z": 0.577409533769345,
  "N T R": 0.5739371620005715,
  "N T Y": 0.54957509448621,
  "N AH TH R": 0.5495408738576248,
  "R L": 0.5449129224785882,
  "S Z": 0.5445174148638816,
  "P R": 0.5439135023421271,
  "NG K Z": 0.5433459483907364,
  "K L": 0.5292504927459611,
  "K T R": 0.5210890427555015,
  "CH R": 0.51650250176281,
  "T N": 0.5132801223969078,
  "R T D": 0.509247031981844,
  "L Y N": 0.506359152400899,
  "P N": 0.5042128478831581,
  "G EH N": 0.5006860463936452,
  "R D R": 0.4996432782883661,
  "R N NG": 0.498105953380479,
  "T L Y": 0.4963321872202323,
  "M N T": 0.4919975954075873,
  "K N": 0.4794283701551752,
  "G EH N S T": 0.4781514622303154,
  "M D": 0.4723738759187537,
  "T AH": 0.4690858144055271,
  "P D": 0.46807533863349693,
  "Z Y": 0.4613428397165638,
  "P NG": 0.4592212285475674,
  "W EY": 0.455396697203204,
  "D Y OW": 0.45349550536161937,
  "K T V": 0.45348987147886805,
  "D D": 0.4528095002702606,
  "R Y AH": 0.4516261687615354,
  "D Y AH": 0.45128402500404446,
  "D R": 0.44817003517662857,
  "N SH N": 0.4459881815841523,
  "R S N": 0.44233416834411055,
  "K N D": 0.4406244591947946,
  "N CH": 0.4342061415606447,
  "P T": 0.42995229867912993,
  "M W N": 0.42657951880159256,
  "S T D": 0.4237878347094085,
  "N T R Y": 0.4231444733288015,
  "R Y D": 0.41859049744648413,
  "TH NG": 0.4181353723865661,
  "G OW": 0.4154427008494905,
  "T R Z": 0.4089326503669358,
  "N T IH L": 0.4073964959050866,
  "M P N Y": 0.4050655935295383,
  "G Z": 0.4046861355717367,
  "L OW": 0.4041343937399784,
  "D L": 0.399501184142674,
  "TH R Z": 0.3956818772436864,
  "K SH N Z": 0.395273463055504,
  "N L": 0.3929562852939856,
  "S T M": 0.3925502311897164,
  "T K": 0.38912852413900045,
  "M R": 0.38522456165633984,
  "M P L": 0.37680157667675224,
  "S T NG": 0.3734558861265539,
  "B L K": 0.372055467253046,
  "V R N M N T": 0.371228901062494,
  "P Y": 0.3691833994163857,
  "K T Z": 0.36873909079812933,
  "R K Z": 0.3661205773021828,
  "M P": 0.3605698802112411,
  "K L Y": 0.35549384145747176,
  "N Y TH NG": 0.3548133892335753,
  "R M Z": 0.3547188058373745,
  "L R EH D Y": 0.3544585758443417,
  "B R": 0.34992209316881323,
  "N Y N": 0.34879988196087086,
  "L M": 0.34781450709432543,
  "V R Y TH NG": 0.34673685045253166,
  "N AH F": 0.3463901136020791,
  "M B R Z": 0.3453358846607244,
  "R N T": 0.34136477533476306,
  "R N D": 0.33659244144336764,
  "Z K": 0.33511792929499273,
  "R K NG": 0.33409257937276127,
  "SH Z": 0.3322162254452318,
  "N K L UW D NG": 0.3311311214825908,
  "K R": 0.33050669618376116,
  "G L": 0.3288105545144515,
  "L S": 0.32711714329516645,
  "CH NG": 0.32672440905570954,
  "K Y": 0.3254486040967113,
  "V Y": 0.3251390054835609,
  "NG G L": 0.3240079642304462,
  "S B L": 0.3195144023721752,
  "L T Z": 0.317571479691264,
  "L TH": 0.3146467106459419,
  "M K": 0.3129858534367156,
  "D Y Z": 0.3129675286409114,
  "K CH W L Y": 0.3120194769407553,
  "N T L": 0.3114461326810523,
  "L D NG": 0.3104814280734986,
  "L JH Y": 0.3085595857257762,
  "B Z": 0.30341677877499723,
  "NG G R": 0.30119445459979344,
  "NG K NG": 0.29843533344012935,
  "L D R N": 0.2981417374368997,
  "N T NG": 0.2980258299010892,
  "N D D": 0.2966163836394798,
  "P SH N": 0.29568211326398036,
  "V R Y W N": 0.2951209226666384,
  "N AY T D": 0.2951209226666384,
  "L W NG": 0.2939017628372649,
  "N S R": 0.29386298354431173,
  "M AH": 0.29265858480809054,
  "CH D": 0.29045562439435885,
  "S T K": 0.28824141812553866,
  "R OW": 0.28567557126260573,
  "K T NG": 0.2853369178407797,
  "R T NG": 0.2839884823893789,
  "R T N T": 0.2806160953480285,
  "S V": 0.27693126268457263,
  "R AH": 0.2760963489154983,
  "M P AO R T N T": 0.2754228703338169,
  "N SH L": 0.2748899859906403,
  "R M D": 0.27081729872124577,
  "L N": 0.2696963899328785,
  "R D NG": 0.2696609238217958,
  "N F AO R M EY SH N": 0.2688843269122987,
  "R M EY SH N": 0.2688843269122987,
  "S CH N": 0.26658821279960093,
  "D R Z": 0.2651702088920843,
  "K CH R": 0.26492517952798234,
  "R S T Y": 0.26410064538989525,
  "K EY": 0.2632099922306585,
  "F T N": 0.26185303772682594,
  "JH N": 0.26085363756516783,
  "K T L Y": 0.2603423860855602,
  "S N": 0.25802791256722624,
  "R N Z": 0.25470069746771423,
  "F S": 0.2537113673458575,
  "B L M": 0.2512423463305953,
  "K S Z": 0.24920412843133258,
  "T M N T": 0.2483786364262922,
  "L M S T": 0.24561529100160037,
  "N V AH R S T Y": 0.24547089156850285,
  "R M R": 0.2418507850658888,
  "JH R": 0.24134464573409214,
  "N S D": 0.24103378159372682,
  "L AO NG": 0.239883291901949,
  "R TH R": 0.23949651087884272,