{
  "S": 18.8739191257223,
  "K": 17.658806214481938,
  "M": 16.589764763901357,
  "F": 15.00454508589746,
  "L": 14.539885029099658,
  "B": 12.382542614401045,
  "P": 12.280006776952922,
  "R": 12.203011113276062,
  "HH": 12.190243739206684,
  "W": 11.723682777161258,
  "T": 10.479298562900297,
  "D": 8.921654367550817,
  "S T": 6.505374265447551,
  "N": 5.9246402402010006,
  "P R": 5.737180387091852,
  "G": 5.697818764961572,
  "JH": 4.824722008011367,
  "V": 3.9506169759106413,
  "CH": 3.9175547262850285,
  "T R": 3.864539446142119,
  "SH": 3.786587148983277,
  "K L": 3.121840909998223,
  "S P": 3.1180843036000385,
  "B R": 2.9898037610069816,
  "K R": 2.4295431180029188,
  "TH": 2.362217619821143,
  "B L": 2.236829747643656,
  "G R": 2.2308409563830485,
  "Y": 2.206702879462326,
  "F R": 2.1359994080865796,
  "P L": 2.088556243618664,
  "D R": 1.9635955801369038,
  "S K": 1.735124566172419,
  "S T R": 1.7028174892613275,
  "K W": 1.6582180225334486,
  "F L": 1.2147963423758088,
  "S L": 1.1448266121664186,
  "AH P": 1.080810494472488,
  "AH L": 1.0720227890308518,
  "HH W": 1.0006592965653118,
  "S M": 0.9398219172697453,
  "K N S": 0.9234050901175277,
  "AH K": 0.8867411096076442,
  "IH G Z": 0.8325594732567139,
  "AH T": 0.7738570116819533,
  "D V": 0.7555822157884138,
  "P R F": 0.7424961369881242,
  "IH K S P": 0.7283859477440146,
  "S W": 0.7059463506146362,
  "K M": 0.6928423598700312,
  "K M P": 0.6813040937924855,
  "D S": 0.6810548972790474,
  "R M": 0.679188540039077,
  "AH S": 0.6694466246437369,
  "AH M": 0.6520200885567837,
  "IH M P": 0.6516584880051371,
  "IH N V": 0.6512432160498508,
  "R Z": 0.6372568108905283,
  "K N T": 0.6278412616330789,
  "P L Y": 0.6222178658065884,
  "IH N K L": 0.6168152456392607,
  "D Z": 0.5967270901532518,
  "IH N T": 0.5717670115049948,
  "AH F": 0.5705704924582702,
  "R Y L": 0.5678425866486533,
  "P R V": 0.5655283335527681,
  "AH R": 0.5578994669649677,
  "B K": 0.543294229050531,
  "G L": 0.5367812026835919,
  "IH M": 0.5227517422129435,
  "T W": 0.5143148917754238,
  "IH L": 0.5026281202573637,
  "R L": 0.49156879259675335,
  "IH N F": 0.48387034052171224,
  "S Y": 0.48293734171521246,
  "AH D": 0.4738985425304731,
  "AH B": 0.47218106752244954,
  "P R T": 0.46271907653397026,
  "K N T R": 0.4416435466293486,
  "R T": 0.44125032878163717,
  "IH V": 0.43699489032295347,
  "D F": 0.4345114188466,
  "R Y": 0.4321216882084887,
  "TH R": 0.41871481273796346,
  "R S P": 0.39947925058746053,
  "K M P L": 0.3910368792721868,
  "IH N K R": 0.3846265213034023,
  "AH P R": 0.3757734639513439,
  "UW N": 0.3756158318475341,
  "R Y P": 0.37297089918142395,
  "R P": 0.3670765040519886,
  "B G": 0.3654113895044016,
  "Z": 0.3646856071281998,
  "IH F": 0.3642337238732689,
  "D P": 0.3629361946769889,
  "AH N D R S T": 0.3602279152272667,
  "B HH": 0.3513432096421861,
  "S K R": 0.3323295220388731,
  "AH N": 0.3285199331725417,
  "D T": 0.3222197287070796,
  "AH V": 0.32040044634253284,
  "D M": 0.31771844994634607,
  "IH N S": 0.31475551492121245,
  "AY D Y": 0.3123579608413418,
  "L W": 0.30965674991871966,
  "D S P": 0.3065479608032061,
  "D L": 0.30644786392107537,
  "D S K": 0.30623572336473104,
  "UW N V": 0.30415087719540684,
  "IH M P R": 0.3040800404472779,
  "AH G R": 0.30308482541906295,
  "S K S": 0.30176025761400366,
  "K R Y": 0.3000066613618443,
  "R Y S": 0.2951693594095503,
  "AE D V": 0.29381576068280885,
  "S N": 0.29349153548239953,
  "AH W": 0.2920175752870549,
  "T G": 0.2893482831869871,
  "EH R Y": 0.2893356655843321,
  "K N": 0.2858409241428364,
  "IH K S P L": 0.28500320438943144,
  "K N D": 0.2825484059583655,
  "D S K R": 0.27917987977716263,
  "P R D": 0.2782996510970812,
  "P R S": 0.2741254216608775,
  "IH N F AO R M": 0.2719723133088405,
  "P Z": 0.27100108111838583,
  "V IH D Y": 0.2691534803926914,
  "AH G": 0.26892141302500744,
  "S P R": 0.2614649877733642,
  "P R M": 0.25857510433011904,
  "OW K": 0.2582049353614747,
  "AY D": 0.25565711061114416,
  "K N V": 0.25300123418851006,
  "IH K S": 0.2500294834696966,
  "R Y V": 0.24120161949545227,
  "M T": 0.2380843602779205,
  "R Y M": 0.23270031927014614,
  "M S": 0.23146129522817743,
  "IH N T R N": 0.23110829808451092,
  "IH N S T": 0.23093740512289165,
  "EH K S T R": 0.22620085388948194,
  "IH S T": 0.22597010443526055,
  "AE K S": 0.2222567114527026,
  "D EY T": 0.2185573862325602,
  "S P L": 0.2175416608666228,
  "T K N": 0.21591472159483568,
  "R V": 0.2150652079190395,
  "EH M P L": 0.21319030807356376,
  "EH N JH": 0.2125817972935334,
  "IH N D": 0.21206608833052173,
  "UH R S": 0.21120673591363492,
  "K N F": 0.20830540706106992,
  "IH N": 0.20785072461921503,
  "IH K S T": 0.20775462551848906,
  "AO S T R": 0.20489099675648337,
  "D S T R": 0.20444988658581975
}