{
  "T": 43.52877974811276,
  "HH": 41.120670994552015,
  "W": 38.32843712207881,
  "TH": 35.18031506398916,
  "M": 34.2872309679547,
  "B": 32.687671142291144,
  "S": 31.372035438508586,
  "F": 28.782597910618083,
  "K": 24.25279884284286,
  "L": 23.065936031217245,
  "N": 19.669129890994764,
  "P": 16.191019431464408,
  "D": 15.058777707512332,
  "R": 14.793120274435044,
  "G": 12.95684231767706,
  "HH W": 10.306024855708502,
  "S T": 8.30277567739469,
  "Y": 8.016822693653712,
  "SH": 7.529890462158898,
  "JH": 7.513565277134374,
  "F R": 6.82837411490409,
  "P R": 5.737180387091846,
  "V": 4.950616975910635,
  "CH": 4.264291576737563,
  "T R": 3.864539446142119,
  "P L": 3.465886095029013,
  "G R": 3.3609537605094024,
  "K L": 3.1218409099982183,
  "S P": 3.1180843036000345,
  "B R": 2.98980376100697,
  "AH B": 2.9840674990320317,
  "K R": 2.4295431180029228,
  "S K": 2.2479859501637884,
  "B L": 2.236829747643659,
  "D R": 1.9635955801369043,
  "TH R": 1.7625846401132392,
  "S T R": 1.7028174892613288,
  "K W": 1.658218022533453,
  "B K": 1.6144563611863925,
  "AO L S": 1.5488166189124828,
  "AH G": 1.2487387389749176,
  "F L": 1.2147963423758088,
  "AH R": 1.1467431223205564,
  "S L": 1.1448266121664188,
  "AH P": 1.0808104944724877,
  "AH L": 1.0720227890308522,
  "B Y": 0.9424387858852348,
  "S M": 0.9398219172697455,
  "K N S": 0.9234050901175277,
  "G W": 0.8904653477371401,
  "AH K": 0.886741109607644,
  "AH N": 0.8780608070301659,
  "B F": 0.8585131109280062,
  "IH G Z": 0.8325594732567134,
  "AH T": 0.7738570116819529,
  "D V": 0.7555822157884134,
  "P R F": 0.7424961369881244,
  "IH K S P": 0.7283859477440147,
  "AH W": 0.7088869587573905,
  "S W": 0.705946350614636,
  "K M": 0.6928423598700308,
  "K M P": 0.6813040937924857,
  "D S": 0.6810548972790476,
  "R M": 0.679188540039077,
  "AH S": 0.669446624643737,
  "AH M": 0.6520200885567836,
  "IH M P": 0.6516584880051373,
  "IH N V": 0.6512432160498508,
  "R Z": 0.6372568108905287,
  "K N T": 0.6278412616330787,
  "P L Y": 0.6222178658065884,
  "IH N K L": 0.6168152456392607,
  "D Z": 0.5967270901532518,
  "B T W": 0.5883992111333303,
  "IH N T": 0.5730552610566881,
  "AH F": 0.57057049245827,
  "R Y L": 0.5678425866486533,
  "P R V": 0.5655283335527682,
  "IH N": 0.5542408382212942,
  "G L": 0.5367812026835928,
  "IH M": 0.5227517422129435,
  "T W": 0.5143148917754238,
  "IH L": 0.5026281202573636,
  "R L": 0.49156879259675335,
  "IH N F": 0.48387034052171235,
  "S Y": 0.4829373417152125,
  "D W": 0.48111451131470634,
  "AH D": 0.4738985425304729,
  "P R T": 0.46271907653397043,
  "K N T R": 0.44164354662934874,
  "R T": 0.44125032878163706,
  "IH V": 0.43699489032295347,
  "D F": 0.4345114188466,
  "AH N T": 0.43229941328456845,
  "R Y": 0.4321216882084886,
  "R S P": 0.3994792505874605,
  "K M P L": 0.3910368792721868,
  "IH N K R": 0.38462652130340225,
  "AO L R": 0.38117812514676586,
  "AH P R": 0.37577346395134387,
  "UW N": 0.37561583184753394,
  "R Y P": 0.3729708991814239,
  "R P": 0.3670765040519885,
  "B G": 0.36541138950440155,
  "Z": 0.3646856071281995,
  "IH F": 0.364233723873269,
  "D P": 0.36293619467698895,
  "AH N D R S T": 0.3602279152272667,
  "B HH": 0.35134320964218596,
  "S K R": 0.33232952203887284,
  "D T": 0.3222197287070795,
  "AH V": 0.3204004463425327,
  "D M": 0.3177184499463459,
  "IH N S": 0.3147555149212124,
  "AY D Y": 0.3123579608413418,
  "L W": 0.30965674991871955,
  "D S P": 0.306547960803206,
  "D L": 0.3064478639210753,
  "D S K": 0.30623572336473104,
  "UW N V": 0.3041508771954068,
  "IH M P R": 0.30408004044727777,
  "AH G R": 0.3030848254190629,
  "S K S": 0.30176025761400366,
  "K R Y": 0.3000066613618443,
  "R Y S": 0.29516935940955025,
  "AE D V": 0.2938157606828088,
  "S N": 0.2934915354823991,
  "T G": 0.2893482831869871,
  "EH R Y": 0.2893356655843321,
  "K N": 0.2858409241428365,
  "IH K S P L": 0.2850032043894315,
  "K N D": 0.2825484059583652,
  "D S K R": 0.27917987977716263,
  "P R D": 0.27829965109708116,
  "P R S": 0.27412542166087706,
  "IH N F AO R M": 0.27197231330884053,
  "P Z": 0.27100108111838583,
  "V IH D Y": 0.2691534803926914,
  "S P R": 0.26146498777336413,
  "P R M": 0.258575104330119,
  "OW K": 0.2582049353614747,
  "AY D": 0.25565711061114405,
  "K N V": 0.25300123418851006,
  "IH K S": 0.2500294834696966,
  "R Y V": 0.24120161949545224,
  "M T": 0.2380843602779205,
  "R Y M": 0.23270031927014603,
  "M S": 0.23146129522817746,
  "IH N T R N": 0.23110829808451092,
  "IH N S T": 0.23093740512289168,
  "EH K S T R": 0.22620085388948197,
  "IH S T": 0.22597010443526058,
  "AE K S": 0.22225671145270262,
  "D EY T": 0.2185573862325602,
  "S P L": 0.21754166086662294,
  "T K N": 0.21591472159483566,
  "R V": 0.21506520791903946,
  "EH M P L": 0.21319030807356376,
  "EH N JH": 0.21258179729353335,
  "IH N D": 0.21206608833052165,
  "UH R S": 0.21120673591363492,
  "K N F": 0.2083054070610699,
  "IH K S T": 0.20775462551848903,
  "AO S T R": 0.20489099675648337,
  "D S T R": 0.20444988658581975
}